Student_ID,Name,Maths,Physics,Biology,Social,Telugu,Hindi,English,Grade
S0001,Student_1,98,91,55,1,80,AB,88,No Grade
S0002,Student_2,40,8,33,86,53,1,18,No Grade
S0003,Student_3,32,40,11,23,65,68,AB,No Grade
S0004,Student_4,19,76,31,62,20,AB,55,No Grade
S0005,Student_5,76,35,77,16,23,49,AB,No Grade
S0006,Student_6,AB,82,82,0,16,3,62,No Grade
S0007,Student_7,89,58,68,68,14,39,82,No Grade
S0008,Student_8,AB,96,10,64,44,55,99,No Grade
S0009,Student_9,78,27,11,3,35,88,37,No Grade
S0010,Student_10,89,68,22,22,AB,62,AB,No Grade
S0011,Student_11,17,81,59,25,9,AB,20,No Grade
S0012,Student_12,22,48,11,14,66,84,AB,No Grade
S0013,Student_13,58,49,65,AB,40,91,49,No Grade
S0014,Student_14,47,55,38,44,22,13,1,No Grade
S0015,Student_15,61,87,14,31,29,94,93,No Grade
S0016,Student_16,89,AB,2,52,37,60,0,No Grade
S0017,Student_17,96,2,13,41,50,82,38,No Grade
S0018,Student_18,81,51,20,43,3,50,95,No Grade
S0019,Student_19,93,60,21,68,AB,81,90,No Grade
S0020,Student_20,37,74,28,33,11,50,AB,No Grade
S0021,Student_21,43,29,28,98,22,AB,75,No Grade
S0022,Student_22,AB,1,AB,92,19,83,15,No Grade
S0023,Student_23,AB,98,10,64,82,AB,14,No Grade
S0024,Student_24,AB,18,39,34,95,97,49,No Grade
S0025,Student_25,AB,32,66,72,AB,AB,78,No Grade
S0026,Student_26,69,AB,AB,61,21,22,25,No Grade
S0027,Student_27,92,84,75,23,100,24,93,No Grade
S0028,Student_28,67,79,12,61,46,65,46,No Grade
S0029,Student_29,98,40,49,79,10,79,67,No Grade
S0030,Student_30,2,6,18,57,53,63,74,No Grade
S0031,Student_31,92,AB,76,84,42,19,79,No Grade
S0032,Student_32,74,8,AB,80,83,97,38,No Grade
S0033,Student_33,31,79,72,26,10,50,23,No Grade
S0034,Student_34,54,4,94,84,85,14,6,No Grade
S0035,Student_35,74,31,10,AB,61,17,32,No Grade
S0036,Student_36,AB,23,25,41,6,6,65,No Grade
S0037,Student_37,79,89,21,73,27,88,53,No Grade
S0038,Student_38,11,46,41,88,87,77,19,No Grade
S0039,Student_39,57,73,88,55,9,7,91,No Grade
S0040,Student_40,27,6,42,10,14,54,39,No Grade
S0041,Student_41,90,11,39,93,30,30,23,No Grade
S0042,Student_42,44,51,AB,43,45,41,29,No Grade
S0043,Student_43,55,45,39,62,96,83,78,B2
S0044,Student_44,10,56,89,33,71,83,75,No Grade
S0045,Student_45,46,95,2,AB,98,79,45,No Grade
S0046,Student_46,39,51,AB,81,17,56,56,No Grade
S0047,Student_47,82,37,40,82,23,AB,54,No Grade
S0048,Student_48,15,7,46,4,42,52,36,No Grade
S0049,Student_49,64,AB,AB,AB,55,71,AB,No Grade
S0050,Student_50,33,AB,93,38,72,27,24,No Grade
S0051,Student_51,AB,9,96,AB,84,AB,20,No Grade
S0052,Student_52,68,64,AB,43,5,52,57,No Grade
S0053,Student_53,84,AB,89,33,11,13,AB,No Grade
S0054,Student_54,4,37,AB,83,5,77,2,No Grade
S0055,Student_55,46,23,63,AB,23,81,46,No Grade
S0056,Student_56,98,93,AB,60,AB,4,87,No Grade
S0057,Student_57,82,9,18,86,30,80,30,No Grade
S0058,Student_58,52,38,56,74,56,0,69,No Grade
S0059,Student_59,76,85,AB,30,70,60,89,No Grade
S0060,Student_60,33,82,AB,6,87,AB,53,No Grade
S0061,Student_61,7,17,43,43,94,85,51,No Grade
S0062,Student_62,93,62,33,79,52,24,65,No Grade
S0063,Student_63,18,79,39,71,34,58,65,No Grade
S0064,Student_64,56,18,AB,70,57,77,2,No Grade
S0065,Student_65,7,74,AB,70,31,80,AB,No Grade
S0066,Student_66,57,14,21,29,AB,58,37,No Grade
S0067,Student_67,34,28,55,20,19,44,100,No Grade
S0068,Student_68,AB,84,76,26,38,9,66,No Grade
S0069,Student_69,30,28,AB,41,55,12,1,No Grade
S0070,Student_70,37,66,17,53,74,71,11,No Grade
S0071,Student_71,71,90,45,77,57,73,34,No Grade
S0072,Student_72,0,1,80,2,34,79,53,No Grade
S0073,Student_73,60,36,AB,63,46,71,59,No Grade
S0074,Student_74,AB,67,83,68,33,92,AB,No Grade
S0075,Student_75,55,76,AB,63,100,AB,68,No Grade
S0076,Student_76,21,24,60,76,51,71,73,No Grade
S0077,Student_77,67,34,65,AB,27,17,14,No Grade
S0078,Student_78,73,75,AB,60,82,36,13,No Grade
S0079,Student_79,AB,65,AB,AB,39,95,79,No Grade
S0080,Student_80,81,15,99,98,6,55,90,No Grade
S0081,Student_81,24,71,68,31,61,46,65,No Grade
S0082,Student_82,60,50,11,95,86,23,72,No Grade
S0083,Student_83,21,84,54,63,92,98,96,No Grade
S0084,Student_84,100,38,77,79,88,40,26,No Grade
S0085,Student_85,22,AB,45,14,23,17,84,No Grade
S0086,Student_86,75,81,AB,30,AB,69,AB,No Grade
S0087,Student_87,AB,70,61,AB,AB,AB,26,No Grade
S0088,Student_88,15,88,57,21,19,31,1,No Grade
S0089,Student_89,65,84,90,86,1,79,5,No Grade
S0090,Student_90,89,AB,88,50,34,68,94,No Grade
S0091,Student_91,44,32,90,55,39,53,15,No Grade
S0092,Student_92,75,AB,39,79,73,AB,67,No Grade
S0093,Student_93,AB,90,11,64,19,55,39,No Grade
S0094,Student_94,80,25,38,74,30,3,7,No Grade
S0095,Student_95,23,72,65,14,AB,95,9,No Grade
S0096,Student_96,70,63,22,41,98,35,33,No Grade
S0097,Student_97,52,56,61,AB,48,33,8,No Grade
S0098,Student_98,29,46,59,34,19,42,16,No Grade
S0099,Student_99,78,64,AB,20,49,17,96,No Grade
S0100,Student_100,AB,80,63,63,47,69,46,No Grade
S0101,Student_101,98,17,75,88,41,8,AB,No Grade
S0102,Student_102,85,AB,96,AB,AB,37,90,No Grade
S0103,Student_103,36,55,68,4,AB,16,100,No Grade
S0104,Student_104,69,84,81,4,39,59,44,No Grade
S0105,Student_105,26,0,5,64,96,59,46,No Grade
S0106,Student_106,30,AB,100,88,86,10,10,No Grade
S0107,Student_107,32,76,90,25,34,1,15,No Grade
S0108,Student_108,29,39,AB,88,39,29,19,No Grade
S0109,Student_109,43,87,26,48,81,42,22,No Grade
S0110,Student_110,3,40,25,AB,30,10,60,No Grade
S0111,Student_111,56,74,12,15,44,93,7,No Grade
S0112,Student_112,AB,18,49,50,26,AB,80,No Grade
S0113,Student_113,13,28,68,86,75,0,39,No Grade
S0114,Student_114,66,68,97,32,38,12,AB,No Grade
S0115,Student_115,91,14,AB,67,46,68,43,No Grade
S0116,Student_116,5,AB,99,61,77,84,46,No Grade
S0117,Student_117,29,72,67,87,88,27,AB,No Grade
S0118,Student_118,97,91,33,93,AB,69,97,No Grade
S0119,Student_119,58,93,60,100,29,93,AB,No Grade
S0120,Student_120,64,18,26,84,35,97,91,No Grade
S0121,Student_121,40,5,98,99,84,44,27,No Grade
S0122,Student_122,78,74,10,22,10,65,54,No Grade
S0123,Student_123,AB,50,87,91,7,48,17,No Grade
S0124,Student_124,21,89,AB,64,13,88,AB,No Grade
S0125,Student_125,33,96,27,84,83,66,12,No Grade
S0126,Student_126,AB,23,22,98,67,AB,49,No Grade
S0127,Student_127,0,AB,84,59,94,100,3,No Grade
S0128,Student_128,37,93,87,58,AB,12,75,No Grade
S0129,Student_129,51,62,54,74,20,67,81,No Grade
S0130,Student_130,80,32,33,7,82,40,61,No Grade
S0131,Student_131,79,22,6,77,AB,AB,AB,No Grade
S0132,Student_132,60,7,AB,7,41,65,38,No Grade
S0133,Student_133,39,72,8,58,44,98,33,No Grade
S0134,Student_134,26,18,85,59,7,97,AB,No Grade
S0135,Student_135,29,19,66,33,14,47,63,No Grade
S0136,Student_136,46,3,AB,54,90,29,67,No Grade
S0137,Student_137,51,27,32,97,46,AB,5,No Grade
S0138,Student_138,AB,66,39,96,63,26,91,No Grade
S0139,Student_139,AB,19,69,78,14,71,24,No Grade
S0140,Student_140,9,44,59,40,16,34,79,No Grade
S0141,Student_141,72,91,21,AB,10,16,31,No Grade
S0142,Student_142,7,47,95,71,30,8,57,No Grade
S0143,Student_143,59,32,4,66,5,AB,61,No Grade
S0144,Student_144,50,72,34,32,94,9,63,No Grade
S0145,Student_145,AB,9,8,AB,55,86,98,No Grade
S0146,Student_146,77,57,86,94,48,36,12,No Grade
S0147,Student_147,AB,1,AB,48,AB,86,48,No Grade
S0148,Student_148,8,70,5,55,57,92,99,No Grade
S0149,Student_149,74,29,43,56,13,15,AB,No Grade
S0150,Student_150,40,4,7,AB,41,5,11,No Grade
S0151,Student_151,AB,73,39,42,18,36,22,No Grade
S0152,Student_152,13,47,95,88,96,17,49,No Grade
S0153,Student_153,19,28,12,6,64,33,70,No Grade
S0154,Student_154,93,57,24,AB,13,42,77,No Grade
S0155,Student_155,92,85,55,87,79,63,100,E
S0156,Student_156,39,73,44,5,100,AB,40,No Grade
S0157,Student_157,42,39,97,55,90,59,77,B2
S0158,Student_158,82,36,71,48,97,20,9,No Grade
S0159,Student_159,89,61,26,82,52,68,AB,No Grade
S0160,Student_160,10,83,23,59,AB,72,12,No Grade
S0161,Student_161,3,12,65,45,27,90,95,No Grade
S0162,Student_162,12,32,35,49,23,14,67,No Grade
S0163,Student_163,55,22,AB,71,27,62,16,No Grade
S0164,Student_164,88,99,5,79,1,61,68,No Grade
S0165,Student_165,73,86,57,25,71,50,AB,No Grade
S0166,Student_166,8,26,13,10,16,100,28,No Grade
S0167,Student_167,52,AB,42,17,68,93,23,No Grade
S0168,Student_168,77,AB,14,59,57,34,70,No Grade
S0169,Student_169,93,40,32,67,52,72,47,No Grade
S0170,Student_170,59,60,54,67,AB,96,67,No Grade
S0171,Student_171,88,63,27,69,4,86,86,No Grade
S0172,Student_172,14,5,52,72,AB,91,49,No Grade
S0173,Student_173,79,70,14,75,51,33,79,No Grade
S0174,Student_174,AB,40,59,61,23,41,11,No Grade
S0175,Student_175,60,77,60,45,81,35,16,No Grade
S0176,Student_176,59,93,47,81,AB,62,35,No Grade
S0177,Student_177,61,35,AB,19,51,AB,AB,No Grade
S0178,Student_178,32,28,94,6,5,91,51,No Grade
S0179,Student_179,98,63,93,30,22,49,0,No Grade
S0180,Student_180,AB,68,67,33,AB,15,74,No Grade
S0181,Student_181,94,44,94,AB,76,16,73,No Grade
S0182,Student_182,10,13,44,0,31,96,99,No Grade
S0183,Student_183,40,100,71,31,56,59,69,No Grade
S0184,Student_184,33,96,80,AB,57,9,44,No Grade
S0185,Student_185,6,0,45,66,35,38,82,No Grade
S0186,Student_186,70,45,96,38,AB,17,27,No Grade
S0187,Student_187,AB,AB,25,70,8,15,39,No Grade
S0188,Student_188,39,89,41,20,88,27,24,No Grade
S0189,Student_189,77,11,41,40,AB,75,83,No Grade
S0190,Student_190,AB,68,54,61,1,62,92,No Grade
S0191,Student_191,40,55,60,97,94,93,6,No Grade
S0192,Student_192,66,71,31,86,78,20,AB,No Grade
S0193,Student_193,96,2,54,AB,7,34,5,No Grade
S0194,Student_194,84,3,89,20,41,75,95,No Grade
S0195,Student_195,53,67,18,52,50,2,47,No Grade
S0196,Student_196,25,AB,15,9,14,7,97,No Grade
S0197,Student_197,49,67,3,AB,44,29,AB,No Grade
S0198,Student_198,96,54,84,83,46,26,16,No Grade
S0199,Student_199,62,16,41,AB,41,100,97,No Grade
S0200,Student_200,13,95,14,57,47,73,AB,No Grade
S0201,Student_201,78,78,51,62,2,24,27,No Grade
S0202,Student_202,64,70,38,26,61,69,88,No Grade
S0203,Student_203,43,AB,43,AB,AB,AB,4,No Grade
S0204,Student_204,3,12,86,63,17,30,92,No Grade
S0205,Student_205,3,79,18,23,26,AB,23,No Grade
S0206,Student_206,70,56,AB,10,29,1,55,No Grade
S0207,Student_207,AB,24,30,26,22,55,7,No Grade
S0208,Student_208,4,90,3,81,AB,5,31,No Grade
S0209,Student_209,11,90,85,38,45,18,67,No Grade
S0210,Student_210,54,55,56,62,59,10,31,No Grade
S0211,Student_211,23,100,66,72,52,55,31,No Grade
S0212,Student_212,12,35,86,80,91,AB,85,No Grade
S0213,Student_213,98,23,5,71,23,73,82,No Grade
S0214,Student_214,11,AB,AB,91,35,51,AB,No Grade
S0215,Student_215,27,73,75,95,42,6,90,No Grade
S0216,Student_216,34,2,6,98,21,11,53,No Grade
S0217,Student_217,91,35,AB,86,58,2,59,No Grade
S0218,Student_218,49,70,AB,97,47,27,59,No Grade
S0219,Student_219,38,39,10,98,81,84,63,No Grade
S0220,Student_220,9,AB,2,29,95,78,92,No Grade
S0221,Student_221,AB,27,57,10,32,69,51,No Grade
S0222,Student_222,85,73,90,65,12,16,82,No Grade
S0223,Student_223,71,37,47,55,56,76,72,C
S0224,Student_224,74,85,19,AB,58,97,19,No Grade
S0225,Student_225,44,40,1,49,20,50,89,No Grade
S0226,Student_226,96,23,56,AB,69,26,64,No Grade
S0227,Student_227,60,88,76,5,18,52,12,No Grade
S0228,Student_228,61,22,96,99,94,11,60,No Grade
S0229,Student_229,79,52,49,60,70,93,40,B2
S0230,Student_230,5,89,60,22,89,25,1,No Grade
S0231,Student_231,15,31,AB,48,29,3,36,No Grade
S0232,Student_232,8,57,46,72,85,AB,71,No Grade
S0233,Student_233,49,21,AB,42,86,74,99,No Grade
S0234,Student_234,8,30,85,52,60,AB,76,No Grade
S0235,Student_235,57,1,77,37,16,92,85,No Grade
S0236,Student_236,21,31,97,63,79,25,AB,No Grade
S0237,Student_237,11,67,100,84,57,19,29,No Grade
S0238,Student_238,20,67,88,21,93,73,100,No Grade
S0239,Student_239,AB,92,80,AB,16,95,67,No Grade
S0240,Student_240,72,99,6,AB,1,AB,18,No Grade
S0241,Student_241,13,85,1,59,49,94,15,No Grade
S0242,Student_242,5,52,85,17,46,96,38,No Grade
S0243,Student_243,21,38,24,11,97,21,60,No Grade
S0244,Student_244,53,82,83,AB,34,37,12,No Grade
S0245,Student_245,57,12,92,60,56,51,AB,No Grade
S0246,Student_246,63,68,56,42,76,2,14,No Grade
S0247,Student_247,26,53,69,24,52,7,AB,No Grade
S0248,Student_248,AB,59,81,90,3,97,30,No Grade
S0249,Student_249,44,51,7,97,64,40,16,No Grade
S0250,Student_250,24,85,5,38,3,AB,AB,No Grade
S0251,Student_251,93,21,75,38,94,73,6,No Grade
S0252,Student_252,50,49,46,8,3,65,98,No Grade
S0253,Student_253,AB,81,AB,13,70,60,60,No Grade
S0254,Student_254,75,50,58,51,69,78,5,No Grade
S0255,Student_255,45,31,0,32,AB,78,AB,No Grade
S0256,Student_256,76,23,50,90,39,43,93,No Grade
S0257,Student_257,37,80,83,17,59,100,27,No Grade
S0258,Student_258,67,AB,33,76,63,70,20,No Grade
S0259,Student_259,52,AB,62,82,84,64,25,No Grade
S0260,Student_260,58,7,24,25,78,87,15,No Grade
S0261,Student_261,3,11,8,15,45,98,63,No Grade
S0262,Student_262,AB,AB,27,70,4,AB,77,No Grade
S0263,Student_263,47,5,82,63,2,73,AB,No Grade
S0264,Student_264,88,26,18,AB,62,20,71,No Grade
S0265,Student_265,41,92,AB,46,31,95,AB,No Grade
S0266,Student_266,57,81,56,AB,AB,75,23,No Grade
S0267,Student_267,88,37,24,AB,87,70,96,No Grade
S0268,Student_268,62,38,81,90,74,4,46,No Grade
S0269,Student_269,29,96,26,59,66,53,56,No Grade
S0270,Student_270,37,65,24,32,99,AB,43,No Grade
S0271,Student_271,13,19,25,78,37,10,78,No Grade
S0272,Student_272,66,89,84,35,50,69,93,B2
S0273,Student_273,3,76,2,90,AB,AB,17,No Grade
S0274,Student_274,69,7,5,16,3,39,59,No Grade
S0275,Student_275,76,0,AB,10,63,56,18,No Grade
S0276,Student_276,52,AB,23,27,AB,15,37,No Grade
S0277,Student_277,100,4,56,32,54,19,69,No Grade
S0278,Student_278,58,77,AB,25,75,56,86,No Grade
S0279,Student_279,58,7,46,AB,AB,12,48,No Grade
S0280,Student_280,100,15,79,48,14,69,23,No Grade
S0281,Student_281,0,87,4,24,AB,0,62,No Grade
S0282,Student_282,19,41,AB,57,67,32,15,No Grade
S0283,Student_283,29,84,21,AB,34,94,68,No Grade
S0284,Student_284,89,41,15,47,45,80,66,No Grade
S0285,Student_285,86,93,32,12,11,95,33,No Grade
S0286,Student_286,16,84,85,10,37,51,98,No Grade
S0287,Student_287,13,59,15,93,96,28,34,No Grade
S0288,Student_288,20,AB,70,AB,21,24,60,No Grade
S0289,Student_289,59,75,22,89,99,67,14,No Grade
S0290,Student_290,97,62,87,37,47,31,0,No Grade
S0291,Student_291,16,34,95,8,68,54,79,No Grade
S0292,Student_292,90,AB,20,76,40,27,0,No Grade
S0293,Student_293,58,24,76,16,98,61,69,No Grade
S0294,Student_294,78,7,34,AB,26,38,82,No Grade
S0295,Student_295,62,15,65,44,85,27,AB,No Grade
S0296,Student_296,25,43,56,AB,24,AB,43,No Grade
S0297,Student_297,52,AB,13,26,37,98,4,No Grade
S0298,Student_298,26,29,39,56,AB,84,43,No Grade
S0299,Student_299,39,55,97,91,28,86,AB,No Grade
S0300,Student_300,52,77,1,94,AB,23,92,No Grade
S0301,Student_301,18,25,52,25,1,42,AB,No Grade
S0302,Student_302,71,AB,98,97,41,43,84,No Grade
S0303,Student_303,58,62,65,59,12,AB,50,No Grade
S0304,Student_304,19,AB,15,21,78,55,47,No Grade
S0305,Student_305,69,AB,89,29,55,22,97,No Grade
S0306,Student_306,53,18,35,34,68,92,AB,No Grade
S0307,Student_307,41,69,61,45,69,81,48,C
S0308,Student_308,45,93,57,22,93,14,4,No Grade
S0309,Student_309,59,35,AB,23,48,31,14,No Grade
S0310,Student_310,96,80,11,71,79,74,52,No Grade
S0311,Student_311,89,74,10,60,42,86,37,No Grade
S0312,Student_312,41,72,30,60,18,47,77,No Grade
S0313,Student_313,61,76,96,58,AB,100,36,No Grade
S0314,Student_314,45,48,94,43,3,2,35,No Grade
S0315,Student_315,82,93,72,77,AB,44,83,No Grade
S0316,Student_316,35,AB,78,AB,68,30,55,No Grade
S0317,Student_317,72,7,41,46,18,AB,15,No Grade
S0318,Student_318,57,44,5,7,48,100,69,No Grade
S0319,Student_319,AB,AB,25,92,54,18,29,No Grade
S0320,Student_320,0,77,96,AB,54,64,19,No Grade
S0321,Student_321,AB,11,89,AB,36,74,33,No Grade
S0322,Student_322,86,16,18,76,90,43,13,No Grade
S0323,Student_323,38,48,31,65,63,12,91,No Grade
S0324,Student_324,27,1,77,1,95,12,34,No Grade
S0325,Student_325,AB,27,46,46,17,73,29,No Grade
S0326,Student_326,94,46,77,100,29,5,100,No Grade
S0327,Student_327,54,78,54,45,15,75,54,No Grade
S0328,Student_328,20,21,AB,35,53,AB,39,No Grade
S0329,Student_329,17,33,31,30,63,25,55,No Grade
S0330,Student_330,84,AB,39,30,49,49,AB,No Grade
S0331,Student_331,99,81,98,13,78,44,28,No Grade
S0332,Student_332,40,45,41,90,81,27,6,No Grade
S0333,Student_333,63,42,67,27,AB,11,2,No Grade
S0334,Student_334,28,67,71,16,49,17,91,No Grade
S0335,Student_335,95,87,7,62,17,31,74,No Grade
S0336,Student_336,16,90,83,63,11,66,79,No Grade
S0337,Student_337,99,49,31,AB,28,72,AB,No Grade
S0338,Student_338,64,94,40,69,78,100,34,No Grade
S0339,Student_339,9,3,96,AB,AB,35,53,No Grade
S0340,Student_340,59,73,AB,61,74,23,47,No Grade
S0341,Student_341,86,99,96,39,53,58,90,B1
S0342,Student_342,73,100,51,36,AB,72,82,No Grade
S0343,Student_343,4,21,55,1,31,38,25,No Grade
S0344,Student_344,96,AB,56,71,AB,AB,63,No Grade
S0345,Student_345,6,13,80,23,74,55,66,No Grade
S0346,Student_346,55,16,33,24,27,9,AB,No Grade
S0347,Student_347,58,96,62,16,52,26,38,No Grade
S0348,Student_348,8,85,21,59,AB,2,85,No Grade
S0349,Student_349,32,78,AB,64,80,61,66,No Grade
S0350,Student_350,63,87,29,31,86,40,7,No Grade
S0351,Student_351,48,62,98,5,69,1,96,No Grade
S0352,Student_352,96,71,65,47,AB,78,36,No Grade
S0353,Student_353,43,74,31,56,99,72,29,No Grade
S0354,Student_354,7,98,AB,32,38,46,35,No Grade
S0355,Student_355,AB,46,40,29,AB,5,82,No Grade
S0356,Student_356,85,31,28,90,92,AB,83,No Grade
S0357,Student_357,AB,AB,51,54,56,76,57,No Grade
S0358,Student_358,59,63,67,62,74,83,86,E
S0359,Student_359,38,AB,57,AB,15,89,1,No Grade
S0360,Student_360,AB,67,64,6,20,81,98,No Grade
S0361,Student_361,82,AB,76,AB,29,60,86,No Grade
S0362,Student_362,40,88,98,34,81,78,59,No Grade
S0363,Student_363,15,5,30,69,77,98,92,No Grade
S0364,Student_364,AB,47,AB,93,24,43,70,No Grade
S0365,Student_365,93,4,54,37,78,14,77,No Grade
S0366,Student_366,24,78,36,25,61,92,6,No Grade
S0367,Student_367,49,79,53,55,50,100,AB,No Grade
S0368,Student_368,48,4,70,46,62,65,33,No Grade
S0369,Student_369,24,AB,0,22,37,49,57,No Grade
S0370,Student_370,84,86,89,51,45,0,5,No Grade
S0371,Student_371,55,34,9,27,23,75,46,No Grade
S0372,Student_372,75,53,45,84,60,8,6,No Grade
S0373,Student_373,13,82,33,61,41,42,34,No Grade
S0374,Student_374,42,92,77,AB,34,86,66,No Grade
S0375,Student_375,52,67,3,AB,31,32,42,No Grade
S0376,Student_376,AB,8,58,83,41,49,97,No Grade
S0377,Student_377,22,50,22,65,94,3,19,No Grade
S0378,Student_378,AB,36,59,67,19,10,23,No Grade
S0379,Student_379,57,27,18,79,50,36,97,No Grade
S0380,Student_380,93,5,5,66,11,24,24,No Grade
S0381,Student_381,8,29,99,48,38,50,81,No Grade
S0382,Student_382,0,36,45,58,81,77,46,No Grade
S0383,Student_383,39,86,88,38,22,75,99,No Grade
S0384,Student_384,58,8,37,32,13,5,83,No Grade
S0385,Student_385,1,83,68,47,52,61,80,No Grade
S0386,Student_386,11,AB,AB,79,39,13,67,No Grade
S0387,Student_387,70,97,AB,56,26,87,100,No Grade
S0388,Student_388,38,41,87,28,97,25,1,No Grade
S0389,Student_389,24,20,37,1,98,AB,60,No Grade
S0390,Student_390,58,22,AB,67,92,72,AB,No Grade
S0391,Student_391,29,42,AB,82,52,90,81,No Grade
S0392,Student_392,89,AB,20,12,0,70,39,No Grade
S0393,Student_393,43,AB,73,AB,68,55,28,No Grade
S0394,Student_394,59,8,17,72,31,AB,30,No Grade
S0395,Student_395,78,56,68,88,AB,52,49,No Grade
S0396,Student_396,30,65,92,29,86,19,78,No Grade
S0397,Student_397,34,36,44,0,8,81,92,No Grade
S0398,Student_398,94,26,54,7,AB,26,45,No Grade
S0399,Student_399,91,35,16,84,20,25,8,No Grade
S0400,Student_400,87,66,68,42,91,0,98,No Grade
S0401,Student_401,84,65,26,12,88,72,20,No Grade
S0402,Student_402,40,20,27,83,72,92,24,No Grade
S0403,Student_403,73,26,18,50,51,47,97,No Grade
S0404,Student_404,62,96,100,8,19,7,70,No Grade
S0405,Student_405,62,14,27,18,77,90,77,No Grade
S0406,Student_406,55,58,40,18,60,63,8,No Grade
S0407,Student_407,61,43,66,42,82,73,61,B2
S0408,Student_408,0,56,89,93,51,17,45,No Grade
S0409,Student_409,47,63,32,32,73,72,62,No Grade
S0410,Student_410,88,24,67,24,47,36,95,No Grade
S0411,Student_411,51,74,99,94,70,AB,60,No Grade
S0412,Student_412,88,30,86,37,44,32,84,No Grade
S0413,Student_413,67,40,68,25,51,21,68,No Grade
S0414,Student_414,AB,AB,37,86,37,27,69,No Grade
S0415,Student_415,AB,67,AB,AB,11,AB,61,No Grade
S0416,Student_416,21,46,93,99,13,AB,0,No Grade
S0417,Student_417,69,82,AB,26,73,32,98,No Grade
S0418,Student_418,10,AB,42,41,20,91,AB,No Grade
S0419,Student_419,6,27,79,84,68,94,53,No Grade
S0420,Student_420,2,35,16,5,AB,90,75,No Grade
S0421,Student_421,72,97,6,18,24,91,90,No Grade
S0422,Student_422,89,27,46,90,0,95,79,No Grade
S0423,Student_423,40,43,28,49,89,69,66,No Grade
S0424,Student_424,29,AB,71,49,92,AB,70,No Grade
S0425,Student_425,2,49,19,64,35,3,74,No Grade
S0426,Student_426,36,79,49,36,17,71,83,No Grade
S0427,Student_427,26,69,61,13,52,36,AB,No Grade
S0428,Student_428,100,20,54,1,65,99,87,No Grade
S0429,Student_429,5,83,99,25,AB,0,40,No Grade
S0430,Student_430,22,8,30,84,61,26,67,No Grade
S0431,Student_431,58,1,78,57,8,AB,19,No Grade
S0432,Student_432,AB,56,24,68,16,44,57,No Grade
S0433,Student_433,41,AB,69,AB,57,68,58,No Grade
S0434,Student_434,49,99,7,74,31,95,AB,No Grade
S0435,Student_435,97,32,75,43,46,75,96,No Grade
S0436,Student_436,92,6,47,7,83,25,26,No Grade
S0437,Student_437,34,95,57,74,49,AB,78,No Grade
S0438,Student_438,96,30,78,68,45,3,4,No Grade
S0439,Student_439,14,67,31,69,44,65,28,No Grade
S0440,Student_440,28,33,85,26,71,13,5,No Grade
S0441,Student_441,74,AB,AB,95,44,75,8,No Grade
S0442,Student_442,22,15,73,45,64,32,75,No Grade
S0443,Student_443,16,49,35,51,7,88,49,No Grade
S0444,Student_444,65,23,61,91,23,31,98,No Grade
S0445,Student_445,46,20,93,77,80,78,21,No Grade
S0446,Student_446,30,2,40,3,32,15,98,No Grade
S0447,Student_447,54,23,71,23,22,2,89,No Grade
S0448,Student_448,89,5,78,59,7,39,28,No Grade
S0449,Student_449,48,44,11,39,AB,15,80,No Grade
S0450,Student_450,61,5,AB,48,63,1,47,No Grade
S0451,Student_451,71,76,7,61,48,29,9,No Grade
S0452,Student_452,32,26,AB,0,46,100,59,No Grade
S0453,Student_453,6,84,63,27,30,AB,89,No Grade
S0454,Student_454,60,AB,48,100,57,22,47,No Grade
S0455,Student_455,1,66,57,58,39,57,46,No Grade
S0456,Student_456,67,79,AB,72,71,16,100,No Grade
S0457,Student_457,8,77,52,85,100,45,1,No Grade
S0458,Student_458,47,60,89,7,23,38,20,No Grade
S0459,Student_459,88,AB,AB,88,AB,16,21,No Grade
S0460,Student_460,51,44,35,3,79,16,83,No Grade
S0461,Student_461,63,AB,46,AB,40,39,30,No Grade
S0462,Student_462,98,87,38,5,57,56,3,No Grade
S0463,Student_463,82,17,67,26,48,62,17,No Grade
S0464,Student_464,AB,56,93,79,69,91,25,No Grade
S0465,Student_465,66,68,9,31,51,77,39,No Grade
S0466,Student_466,23,67,72,56,AB,98,49,No Grade
S0467,Student_467,22,62,5,82,73,34,0,No Grade
S0468,Student_468,47,5,11,9,78,19,95,No Grade
S0469,Student_469,93,32,67,44,75,81,59,No Grade
S0470,Student_470,92,14,45,50,37,5,67,No Grade
S0471,Student_471,39,82,17,58,74,89,92,No Grade
S0472,Student_472,11,89,33,0,60,5,64,No Grade
S0473,Student_473,31,41,AB,18,65,70,7,No Grade
S0474,Student_474,65,21,54,82,67,28,39,No Grade
S0475,Student_475,16,76,64,16,57,34,3,No Grade
S0476,Student_476,17,14,59,55,56,30,87,No Grade
S0477,Student_477,11,0,41,AB,83,91,29,No Grade
S0478,Student_478,71,2,50,15,21,15,47,No Grade
S0479,Student_479,3,66,AB,92,38,34,60,No Grade
S0480,Student_480,59,17,94,78,43,74,AB,No Grade
S0481,Student_481,45,28,65,51,AB,60,45,No Grade
S0482,Student_482,26,63,98,41,AB,10,86,No Grade
S0483,Student_483,40,9,27,78,5,10,56,No Grade
S0484,Student_484,18,33,58,77,57,21,40,No Grade
S0485,Student_485,26,30,68,29,91,88,26,No Grade
S0486,Student_486,32,AB,77,61,37,83,54,No Grade
S0487,Student_487,50,AB,23,93,58,47,53,No Grade
S0488,Student_488,61,97,80,AB,56,AB,91,No Grade
S0489,Student_489,19,44,39,5,97,8,30,No Grade
S0490,Student_490,44,92,13,8,74,31,54,No Grade
S0491,Student_491,61,90,AB,24,94,42,79,No Grade
S0492,Student_492,65,92,45,90,84,69,93,B1
S0493,Student_493,24,87,25,78,AB,62,71,No Grade
S0494,Student_494,38,AB,51,61,32,41,31,No Grade
S0495,Student_495,14,38,92,18,12,48,AB,No Grade
S0496,Student_496,49,48,20,12,29,41,45,No Grade
S0497,Student_497,76,77,85,24,13,100,68,No Grade
S0498,Student_498,76,AB,83,91,56,AB,AB,No Grade
S0499,Student_499,3,23,17,20,53,92,59,No Grade
S0500,Student_500,91,23,AB,16,82,63,69,No Grade
S0501,Student_501,74,81,79,8,AB,99,11,No Grade
S0502,Student_502,AB,15,20,18,AB,28,88,No Grade
S0503,Student_503,21,53,79,66,84,8,3,No Grade
S0504,Student_504,65,AB,AB,37,56,34,AB,No Grade
S0505,Student_505,39,94,44,72,38,70,68,E
S0506,Student_506,AB,44,30,1,AB,74,54,No Grade
S0507,Student_507,10,90,42,46,98,89,37,No Grade
S0508,Student_508,0,43,88,16,14,52,90,No Grade
S0509,Student_509,54,63,50,72,53,95,24,No Grade
S0510,Student_510,97,86,36,98,80,65,84,B1
S0511,Student_511,91,9,67,98,8,0,AB,No Grade
S0512,Student_512,75,17,88,92,89,23,AB,No Grade
S0513,Student_513,78,20,33,18,83,40,67,No Grade
S0514,Student_514,98,80,94,62,2,7,83,No Grade
S0515,Student_515,8,96,27,99,85,AB,85,No Grade
S0516,Student_516,75,36,AB,42,71,26,69,No Grade
S0517,Student_517,18,94,26,79,5,67,AB,No Grade
S0518,Student_518,58,6,84,AB,5,51,33,No Grade
S0519,Student_519,5,100,76,87,35,55,56,No Grade
S0520,Student_520,60,85,20,100,AB,45,AB,No Grade
S0521,Student_521,19,36,33,28,91,62,45,No Grade
S0522,Student_522,25,AB,87,36,5,4,67,No Grade
S0523,Student_523,65,50,25,11,81,38,72,No Grade
S0524,Student_524,55,AB,57,AB,88,28,4,No Grade
S0525,Student_525,25,61,17,76,66,53,32,No Grade
S0526,Student_526,19,30,56,90,67,14,62,No Grade
S0527,Student_527,AB,83,16,27,82,91,86,No Grade
S0528,Student_528,95,54,AB,10,90,9,7,No Grade
S0529,Student_529,55,35,31,45,53,0,77,No Grade
S0530,Student_530,61,17,83,15,22,43,51,No Grade
S0531,Student_531,78,93,AB,33,21,100,78,No Grade
S0532,Student_532,90,AB,42,56,41,0,6,No Grade
S0533,Student_533,89,AB,28,99,64,AB,73,No Grade
S0534,Student_534,6,AB,18,32,48,1,83,No Grade
S0535,Student_535,48,92,74,AB,2,91,AB,No Grade
S0536,Student_536,AB,23,2,83,AB,73,79,No Grade
S0537,Student_537,87,AB,25,70,82,AB,6,No Grade
S0538,Student_538,44,35,92,21,76,75,40,No Grade
S0539,Student_539,84,69,33,62,16,51,1,No Grade
S0540,Student_540,17,41,5,99,AB,8,52,No Grade
S0541,Student_541,21,71,73,28,72,85,60,No Grade
S0542,Student_542,AB,64,64,18,51,25,85,No Grade
S0543,Student_543,58,87,100,26,88,76,11,No Grade
S0544,Student_544,79,33,81,24,AB,65,AB,No Grade
S0545,Student_545,86,64,29,48,12,14,88,No Grade
S0546,Student_546,89,72,16,83,69,100,45,No Grade
S0547,Student_547,30,11,33,0,22,78,33,No Grade
S0548,Student_548,39,38,29,70,25,97,AB,No Grade
S0549,Student_549,57,35,81,95,19,76,98,No Grade
S0550,Student_550,95,30,44,12,51,72,72,No Grade
S0551,Student_551,33,61,AB,12,31,55,57,No Grade
S0552,Student_552,29,14,AB,13,80,70,59,No Grade
S0553,Student_553,AB,97,60,27,AB,54,40,No Grade
S0554,Student_554,86,60,47,27,AB,78,1,No Grade
S0555,Student_555,0,72,18,61,81,39,68,No Grade
S0556,Student_556,61,35,9,88,83,AB,17,No Grade
S0557,Student_557,53,84,17,23,76,39,94,No Grade
S0558,Student_558,19,38,49,75,14,72,31,No Grade
S0559,Student_559,59,9,33,38,71,41,36,No Grade
S0560,Student_560,45,23,AB,73,AB,92,AB,No Grade
S0561,Student_561,51,74,2,AB,97,28,100,No Grade
S0562,Student_562,31,57,73,55,56,35,81,No Grade
S0563,Student_563,87,31,40,29,2,69,75,No Grade
S0564,Student_564,23,73,AB,48,AB,26,28,No Grade
S0565,Student_565,45,26,86,36,40,40,95,No Grade
S0566,Student_566,66,33,57,89,41,45,39,No Grade
S0567,Student_567,79,AB,30,33,30,64,74,No Grade
S0568,Student_568,60,11,45,27,45,2,70,No Grade
S0569,Student_569,AB,78,64,35,11,15,49,No Grade
S0570,Student_570,51,15,77,54,55,86,29,No Grade
S0571,Student_571,AB,14,AB,62,27,7,95,No Grade
S0572,Student_572,9,32,57,17,22,17,93,No Grade
S0573,Student_573,52,5,66,31,72,98,10,No Grade
S0574,Student_574,42,9,97,89,7,23,22,No Grade
S0575,Student_575,34,90,100,6,43,34,87,No Grade
S0576,Student_576,82,5,39,58,33,4,87,No Grade
S0577,Student_577,63,17,93,100,52,21,19,No Grade
S0578,Student_578,64,49,10,24,44,95,59,No Grade
S0579,Student_579,2,60,36,59,22,31,37,No Grade
S0580,Student_580,39,69,49,12,93,49,37,No Grade
S0581,Student_581,48,44,11,4,57,21,10,No Grade
S0582,Student_582,AB,AB,28,35,93,13,13,No Grade
S0583,Student_583,88,73,52,77,50,77,58,B2
S0584,Student_584,79,52,37,AB,38,59,3,No Grade
S0585,Student_585,36,27,48,93,AB,98,81,No Grade
S0586,Student_586,10,96,AB,84,77,15,77,No Grade
S0587,Student_587,32,12,80,17,75,AB,43,No Grade
S0588,Student_588,1,68,83,49,21,AB,63,No Grade
S0589,Student_589,63,67,AB,34,100,71,79,No Grade
S0590,Student_590,61,AB,32,95,82,AB,44,No Grade
S0591,Student_591,58,AB,53,14,6,89,50,No Grade
S0592,Student_592,90,66,AB,99,51,9,4,No Grade
S0593,Student_593,31,63,7,37,42,26,59,No Grade
S0594,Student_594,52,34,24,5,77,AB,49,No Grade
S0595,Student_595,80,20,18,16,50,99,16,No Grade
S0596,Student_596,87,30,65,94,53,91,37,No Grade
S0597,Student_597,50,AB,19,77,95,85,80,No Grade
S0598,Student_598,AB,44,58,76,30,5,49,No Grade
S0599,Student_599,6,16,89,46,33,52,67,No Grade
S0600,Student_600,51,73,15,AB,87,52,91,No Grade
S0601,Student_601,77,88,AB,79,12,90,84,No Grade
S0602,Student_602,39,99,38,82,43,AB,66,No Grade
S0603,Student_603,48,50,92,64,44,65,12,No Grade
S0604,Student_604,11,48,78,79,25,52,57,No Grade
S0605,Student_605,40,10,17,68,24,17,AB,No Grade
S0606,Student_606,59,32,51,7,62,69,AB,No Grade
S0607,Student_607,20,19,AB,97,AB,51,AB,No Grade
S0608,Student_608,31,AB,55,15,32,79,21,No Grade
S0609,Student_609,71,62,66,24,5,88,97,No Grade
S0610,Student_610,13,62,50,52,34,16,44,No Grade
S0611,Student_611,59,7,78,82,41,86,54,No Grade
S0612,Student_612,6,97,84,10,35,60,80,No Grade
S0613,Student_613,88,91,42,85,43,AB,72,No Grade
S0614,Student_614,41,97,59,AB,AB,78,88,No Grade
S0615,Student_615,31,88,AB,8,96,87,71,No Grade
S0616,Student_616,68,88,3,19,43,73,AB,No Grade
S0617,Student_617,8,56,100,AB,20,57,91,No Grade
S0618,Student_618,6,11,68,28,5,56,88,No Grade
S0619,Student_619,61,15,AB,36,58,14,59,No Grade
S0620,Student_620,84,37,62,71,69,30,5,No Grade
S0621,Student_621,56,18,10,51,98,63,40,No Grade
S0622,Student_622,29,64,37,18,44,AB,18,No Grade
S0623,Student_623,AB,48,25,60,62,AB,AB,No Grade
S0624,Student_624,11,94,91,94,82,AB,84,No Grade
S0625,Student_625,85,AB,AB,93,AB,42,33,No Grade
S0626,Student_626,77,47,8,93,21,12,60,No Grade
S0627,Student_627,82,42,17,17,28,36,42,No Grade
S0628,Student_628,78,88,AB,AB,8,46,73,No Grade
S0629,Student_629,83,20,48,3,82,AB,40,No Grade
S0630,Student_630,4,39,24,1,70,62,77,No Grade
S0631,Student_631,66,AB,29,8,12,24,3,No Grade
S0632,Student_632,83,64,77,0,4,98,74,No Grade
S0633,Student_633,78,35,90,48,65,35,AB,No Grade
S0634,Student_634,7,AB,53,93,1,49,84,No Grade
S0635,Student_635,68,45,46,67,8,92,24,No Grade
S0636,Student_636,31,AB,94,95,76,34,70,No Grade
S0637,Student_637,31,26,78,44,64,39,38,No Grade
S0638,Student_638,83,49,50,70,96,90,92,B1
S0639,Student_639,92,56,42,AB,AB,3,AB,No Grade
S0640,Student_640,91,77,16,2,100,71,8,No Grade
S0641,Student_641,27,57,AB,50,70,53,36,No Grade
S0642,Student_642,AB,35,77,AB,61,63,49,No Grade
S0643,Student_643,57,AB,8,52,78,69,29,No Grade
S0644,Student_644,63,48,99,71,95,77,21,No Grade
S0645,Student_645,48,30,45,62,77,47,24,No Grade
S0646,Student_646,AB,57,77,AB,AB,AB,61,No Grade
S0647,Student_647,20,AB,90,57,30,22,87,No Grade
S0648,Student_648,AB,69,AB,74,68,8,92,No Grade
S0649,Student_649,63,11,56,32,18,AB,64,No Grade
S0650,Student_650,49,78,99,54,40,24,AB,No Grade
S0651,Student_651,AB,37,46,17,48,68,72,No Grade
S0652,Student_652,7,57,87,88,27,86,58,No Grade
S0653,Student_653,66,6,58,6,47,78,AB,No Grade
S0654,Student_654,AB,AB,85,45,24,86,39,No Grade
S0655,Student_655,AB,40,45,32,13,43,24,No Grade
S0656,Student_656,4,78,55,10,18,71,56,No Grade
S0657,Student_657,94,89,36,38,49,74,42,E
S0658,Student_658,50,2,1,21,AB,58,47,No Grade
S0659,Student_659,2,25,75,AB,75,13,79,No Grade
S0660,Student_660,70,AB,66,97,AB,48,52,No Grade
S0661,Student_661,AB,3,2,AB,90,80,52,No Grade
S0662,Student_662,74,33,AB,AB,AB,61,100,No Grade
S0663,Student_663,34,96,91,65,46,71,85,No Grade
S0664,Student_664,15,98,17,86,21,58,17,No Grade
S0665,Student_665,39,70,51,95,37,41,74,C
S0666,Student_666,76,AB,71,44,45,3,67,No Grade
S0667,Student_667,37,40,22,50,88,53,9,No Grade
S0668,Student_668,49,40,50,16,96,AB,AB,No Grade
S0669,Student_669,96,44,92,5,53,21,63,No Grade
S0670,Student_670,19,95,51,AB,78,AB,33,No Grade
S0671,Student_671,AB,AB,41,18,AB,11,80,No Grade
S0672,Student_672,63,67,20,80,27,14,94,No Grade
S0673,Student_673,AB,14,84,77,100,17,58,No Grade
S0674,Student_674,99,38,39,90,41,12,90,No Grade
S0675,Student_675,11,46,86,28,6,57,37,No Grade
S0676,Student_676,73,97,84,14,79,99,53,No Grade
S0677,Student_677,64,39,AB,84,98,82,29,No Grade
S0678,Student_678,39,32,44,21,77,9,86,No Grade
S0679,Student_679,AB,37,62,79,AB,97,AB,No Grade
S0680,Student_680,1,59,33,39,60,25,87,No Grade
S0681,Student_681,4,73,20,98,22,19,AB,No Grade
S0682,Student_682,10,65,AB,7,82,89,9,No Grade
S0683,Student_683,99,48,17,24,8,74,94,No Grade
S0684,Student_684,67,34,AB,25,7,2,19,No Grade
S0685,Student_685,14,AB,9,AB,7,13,20,No Grade
S0686,Student_686,AB,63,17,7,54,36,22,No Grade
S0687,Student_687,82,10,38,AB,AB,54,68,No Grade
S0688,Student_688,46,AB,39,7,55,70,15,No Grade
S0689,Student_689,20,17,96,11,36,45,36,No Grade
S0690,Student_690,46,57,45,78,83,17,73,No Grade
S0691,Student_691,38,AB,79,AB,51,65,20,No Grade
S0692,Student_692,48,91,14,20,78,55,AB,No Grade
S0693,Student_693,73,83,68,84,63,79,99,B1
S0694,Student_694,87,0,57,AB,7,49,AB,No Grade
S0695,Student_695,63,78,74,AB,AB,31,0,No Grade
S0696,Student_696,33,2,62,5,69,72,24,No Grade
S0697,Student_697,53,12,43,53,14,55,77,No Grade
S0698,Student_698,73,51,92,7,51,32,62,No Grade
S0699,Student_699,23,90,74,AB,61,32,93,No Grade
S0700,Student_700,29,65,33,96,56,6,92,No Grade
S0701,Student_701,0,13,0,AB,29,34,47,No Grade
S0702,Student_702,4,51,AB,39,42,100,12,No Grade
S0703,Student_703,96,94,53,21,23,86,42,No Grade
S0704,Student_704,54,28,78,65,7,88,84,No Grade
S0705,Student_705,95,16,52,52,AB,AB,29,No Grade
S0706,Student_706,43,96,39,43,30,AB,76,No Grade
S0707,Student_707,9,AB,99,AB,37,60,21,No Grade
S0708,Student_708,74,73,7,13,AB,5,80,No Grade
S0709,Student_709,1,32,8,70,85,5,AB,No Grade
S0710,Student_710,99,25,60,84,AB,38,82,No Grade
S0711,Student_711,75,55,77,64,36,68,16,No Grade
S0712,Student_712,AB,86,44,AB,85,57,76,No Grade
S0713,Student_713,73,95,26,31,47,13,8,No Grade
S0714,Student_714,56,99,AB,5,AB,13,AB,No Grade
S0715,Student_715,63,7,94,63,6,7,41,No Grade
S0716,Student_716,76,40,94,41,32,55,17,No Grade
S0717,Student_717,26,66,65,6,92,72,AB,No Grade
S0718,Student_718,21,86,27,76,42,51,82,No Grade
S0719,Student_719,51,73,70,46,69,16,70,No Grade
S0720,Student_720,78,89,77,39,65,41,97,B2
S0721,Student_721,82,AB,19,71,16,33,93,No Grade
S0722,Student_722,16,16,78,16,AB,19,33,No Grade
S0723,Student_723,5,53,16,17,59,69,78,No Grade
S0724,Student_724,19,1,46,72,77,52,2,No Grade
S0725,Student_725,93,AB,30,24,27,82,77,No Grade
S0726,Student_726,26,55,79,79,45,75,AB,No Grade
S0727,Student_727,2,76,8,23,46,14,95,No Grade
S0728,Student_728,9,87,49,AB,19,92,48,No Grade
S0729,Student_729,8,4,13,AB,24,57,AB,No Grade
S0730,Student_730,AB,18,82,17,33,35,29,No Grade
S0731,Student_731,36,AB,31,91,30,44,9,No Grade
S0732,Student_732,14,32,38,91,72,79,58,No Grade
S0733,Student_733,98,77,3,AB,AB,39,81,No Grade
S0734,Student_734,81,21,79,21,59,12,25,No Grade
S0735,Student_735,0,51,56,47,24,72,28,No Grade
S0736,Student_736,49,42,4,17,19,AB,66,No Grade
S0737,Student_737,89,73,72,52,53,58,23,No Grade
S0738,Student_738,19,5,10,26,38,21,AB,No Grade
S0739,Student_739,82,52,0,57,14,AB,AB,No Grade
S0740,Student_740,75,72,90,30,26,89,59,No Grade
S0741,Student_741,87,56,87,13,33,44,51,No Grade
S0742,Student_742,86,17,91,AB,49,AB,58,No Grade
S0743,Student_743,28,16,81,48,10,100,69,No Grade
S0744,Student_744,13,93,51,70,43,51,72,No Grade
S0745,Student_745,76,85,48,98,76,53,56,E
S0746,Student_746,92,88,90,AB,77,75,AB,No Grade
S0747,Student_747,42,12,85,16,AB,100,31,No Grade
S0748,Student_748,38,59,AB,14,34,84,AB,No Grade
S0749,Student_749,80,0,84,22,55,17,58,No Grade
S0750,Student_750,64,29,64,50,56,82,35,No Grade
S0751,Student_751,90,67,98,11,76,18,53,No Grade
S0752,Student_752,1,8,15,AB,AB,31,92,No Grade
S0753,Student_753,98,73,62,52,AB,89,1,No Grade
S0754,Student_754,33,20,6,15,AB,78,55,No Grade
S0755,Student_755,50,35,42,80,85,10,37,No Grade
S0756,Student_756,14,30,75,11,78,13,37,No Grade
S0757,Student_757,16,62,67,98,4,1,43,No Grade
S0758,Student_758,21,89,AB,0,37,71,79,No Grade
S0759,Student_759,65,32,AB,83,93,AB,97,No Grade
S0760,Student_760,20,49,44,86,78,39,4,No Grade
S0761,Student_761,98,19,86,23,72,AB,81,No Grade
S0762,Student_762,68,19,95,53,97,78,77,No Grade
S0763,Student_763,38,40,66,26,22,58,AB,No Grade
S0764,Student_764,43,81,AB,41,17,19,8,No Grade
S0765,Student_765,11,84,27,52,93,6,82,No Grade
S0766,Student_766,94,24,73,76,74,AB,97,No Grade
S0767,Student_767,10,AB,2,37,41,51,AB,No Grade
S0768,Student_768,24,61,92,AB,33,25,83,No Grade
S0769,Student_769,71,67,56,56,1,5,83,No Grade
S0770,Student_770,30,48,48,3,71,3,95,No Grade
S0771,Student_771,AB,76,68,70,4,62,29,No Grade
S0772,Student_772,94,8,AB,97,86,28,52,No Grade
S0773,Student_773,24,57,91,6,22,4,29,No Grade
S0774,Student_774,43,47,89,36,64,71,43,C
S0775,Student_775,100,38,89,94,AB,17,68,No Grade
S0776,Student_776,27,14,84,93,28,30,100,No Grade
S0777,Student_777,26,24,56,9,94,80,84,No Grade
S0778,Student_778,50,33,43,82,62,89,78,No Grade
S0779,Student_779,AB,61,65,96,81,61,79,No Grade
S0780,Student_780,84,70,77,51,100,26,97,No Grade
S0781,Student_781,AB,94,89,54,25,8,5,No Grade
S0782,Student_782,26,59,AB,54,61,23,98,No Grade
S0783,Student_783,5,51,37,100,26,48,84,No Grade
S0784,Student_784,AB,46,13,16,10,20,95,No Grade
S0785,Student_785,77,12,19,0,22,2,17,No Grade
S0786,Student_786,14,1,23,55,78,44,6,No Grade
S0787,Student_787,92,44,43,19,29,60,2,No Grade
S0788,Student_788,95,50,58,86,51,47,65,B2
S0789,Student_789,18,47,39,4,50,24,22,No Grade
S0790,Student_790,AB,AB,35,58,55,75,AB,No Grade
S0791,Student_791,83,54,65,14,31,42,100,No Grade
S0792,Student_792,AB,43,45,3,64,59,49,No Grade
S0793,Student_793,AB,61,10,60,47,91,95,No Grade
S0794,Student_794,93,3,4,29,95,20,AB,No Grade
S0795,Student_795,92,87,26,69,AB,34,26,No Grade
S0796,Student_796,74,AB,59,38,97,21,25,No Grade
S0797,Student_797,40,45,40,31,66,73,AB,No Grade
S0798,Student_798,73,AB,81,8,19,61,AB,No Grade
S0799,Student_799,13,61,AB,97,0,4,96,No Grade
S0800,Student_800,74,61,88,51,99,AB,9,No Grade
S0801,Student_801,21,71,94,99,68,9,87,No Grade
S0802,Student_802,72,69,80,85,7,41,46,No Grade
S0803,Student_803,64,7,74,40,33,36,4,No Grade
S0804,Student_804,91,91,AB,91,39,23,51,No Grade
S0805,Student_805,AB,17,81,94,AB,29,57,No Grade
S0806,Student_806,9,89,90,99,AB,12,56,No Grade
S0807,Student_807,4,91,88,82,59,26,AB,No Grade
S0808,Student_808,14,56,73,86,68,35,55,No Grade
S0809,Student_809,21,42,32,AB,AB,1,63,No Grade
S0810,Student_810,AB,32,50,72,23,37,100,No Grade
S0811,Student_811,62,64,17,AB,80,31,90,No Grade
S0812,Student_812,AB,49,43,72,100,47,8,No Grade
S0813,Student_813,51,79,80,46,AB,56,23,No Grade
S0814,Student_814,1,55,91,42,70,59,AB,No Grade
S0815,Student_815,12,AB,23,35,15,AB,55,No Grade
S0816,Student_816,4,1,80,29,99,47,29,No Grade
S0817,Student_817,AB,AB,59,38,47,AB,75,No Grade
S0818,Student_818,51,41,42,58,55,AB,47,No Grade
S0819,Student_819,27,93,95,39,75,79,77,No Grade
S0820,Student_820,4,92,57,14,4,AB,74,No Grade
S0821,Student_821,AB,80,17,68,59,81,AB,No Grade
S0822,Student_822,0,52,65,46,56,34,88,No Grade
S0823,Student_823,76,43,37,86,82,AB,74,No Grade
S0824,Student_824,22,60,45,47,88,79,55,No Grade
S0825,Student_825,AB,70,89,71,57,37,54,No Grade
S0826,Student_826,51,29,AB,16,62,91,56,No Grade
S0827,Student_827,92,49,AB,71,13,75,AB,No Grade
S0828,Student_828,93,76,18,55,33,95,91,No Grade
S0829,Student_829,5,83,79,AB,2,2,AB,No Grade
S0830,Student_830,94,21,85,35,17,39,40,No Grade
S0831,Student_831,49,AB,57,AB,62,86,82,No Grade
S0832,Student_832,34,93,36,58,64,28,90,No Grade
S0833,Student_833,32,26,24,61,AB,AB,58,No Grade
S0834,Student_834,65,4,30,50,85,37,1,No Grade
S0835,Student_835,32,39,47,55,85,9,46,No Grade
S0836,Student_836,25,56,79,91,15,25,34,No Grade
S0837,Student_837,69,63,43,79,38,1,30,No Grade
S0838,Student_838,AB,66,AB,4,AB,73,65,No Grade
S0839,Student_839,34,89,91,100,7,55,13,No Grade
S0840,Student_840,62,17,97,52,70,36,32,No Grade
S0841,Student_841,24,3,90,53,66,30,67,No Grade
S0842,Student_842,3,13,76,41,63,83,43,No Grade
S0843,Student_843,98,50,60,21,AB,66,5,No Grade
S0844,Student_844,30,36,AB,51,16,AB,60,No Grade
S0845,Student_845,40,76,88,AB,97,47,50,No Grade
S0846,Student_846,83,14,71,6,52,89,19,No Grade
S0847,Student_847,50,90,9,AB,7,85,41,No Grade
S0848,Student_848,33,86,94,18,59,45,37,No Grade
S0849,Student_849,30,96,49,54,55,15,24,No Grade
S0850,Student_850,56,80,AB,91,45,35,67,No Grade
S0851,Student_851,46,7,16,AB,60,75,88,No Grade
S0852,Student_852,61,43,97,28,89,78,83,No Grade
S0853,Student_853,25,25,82,38,75,AB,83,No Grade
S0854,Student_854,99,45,21,48,50,100,AB,No Grade
S0855,Student_855,99,100,AB,94,31,AB,79,No Grade
S0856,Student_856,27,96,81,13,AB,45,64,No Grade
S0857,Student_857,94,57,1,13,51,15,2,No Grade
S0858,Student_858,21,71,AB,26,59,17,60,No Grade
S0859,Student_859,64,AB,21,95,33,13,44,No Grade
S0860,Student_860,25,AB,86,41,31,85,78,No Grade
S0861,Student_861,17,10,72,54,37,88,AB,No Grade
S0862,Student_862,AB,48,87,6,34,0,43,No Grade
S0863,Student_863,20,81,15,59,54,34,12,No Grade
S0864,Student_864,AB,28,85,55,AB,39,49,No Grade
S0865,Student_865,97,29,7,58,AB,32,90,No Grade
S0866,Student_866,AB,65,47,68,45,44,2,No Grade
S0867,Student_867,50,42,96,22,86,AB,AB,No Grade
S0868,Student_868,35,69,85,3,25,55,89,No Grade
S0869,Student_869,80,66,24,45,35,100,58,No Grade
S0870,Student_870,19,75,14,91,25,73,29,No Grade
S0871,Student_871,72,69,93,50,48,92,95,B1
S0872,Student_872,40,AB,50,16,20,28,17,No Grade
S0873,Student_873,35,AB,53,67,95,95,61,No Grade
S0874,Student_874,40,AB,12,6,60,32,AB,No Grade
S0875,Student_875,0,6,51,39,AB,34,20,No Grade
S0876,Student_876,86,31,57,8,26,20,50,No Grade
S0877,Student_877,64,17,60,2,16,3,85,No Grade
S0878,Student_878,48,50,18,36,35,3,22,No Grade
S0879,Student_879,15,AB,49,76,36,100,98,No Grade
S0880,Student_880,80,26,AB,96,68,37,1,No Grade
S0881,Student_881,63,100,6,18,18,92,98,No Grade
S0882,Student_882,31,40,62,78,37,89,28,No Grade
S0883,Student_883,AB,15,49,31,61,51,29,No Grade
S0884,Student_884,16,84,70,AB,31,68,70,No Grade
S0885,Student_885,47,52,10,37,55,42,70,No Grade
S0886,Student_886,3,58,18,9,12,1,35,No Grade
S0887,Student_887,80,82,45,78,5,63,66,No Grade
S0888,Student_888,61,30,97,52,53,96,5,No Grade
S0889,Student_889,96,41,48,54,AB,35,59,No Grade
S0890,Student_890,73,11,96,67,58,92,68,No Grade
S0891,Student_891,14,76,83,39,98,53,90,No Grade
S0892,Student_892,18,AB,4,89,14,2,15,No Grade
S0893,Student_893,51,39,AB,79,95,25,AB,No Grade
S0894,Student_894,AB,46,50,81,100,73,41,No Grade
S0895,Student_895,49,27,10,89,78,42,47,No Grade
S0896,Student_896,22,77,0,18,AB,24,82,No Grade
S0897,Student_897,28,AB,28,AB,80,99,47,No Grade
S0898,Student_898,74,2,8,50,46,58,AB,No Grade
S0899,Student_899,35,18,AB,96,83,63,40,No Grade
S0900,Student_900,1,27,46,51,AB,22,71,No Grade
S0901,Student_901,48,61,17,80,1,43,34,No Grade
S0902,Student_902,92,48,52,48,42,35,39,E
S0903,Student_903,AB,35,47,89,63,60,83,No Grade
S0904,Student_904,56,58,68,45,44,AB,57,No Grade
S0905,Student_905,31,AB,AB,25,67,8,AB,No Grade
S0906,Student_906,80,AB,50,7,43,73,25,No Grade
S0907,Student_907,82,36,27,AB,14,77,99,No Grade
S0908,Student_908,81,58,59,43,91,47,66,B2
S0909,Student_909,65,60,54,AB,2,37,51,No Grade
S0910,Student_910,7,26,60,48,94,47,93,No Grade
S0911,Student_911,AB,56,24,45,71,51,29,No Grade
S0912,Student_912,21,AB,63,92,59,65,23,No Grade
S0913,Student_913,28,87,90,23,90,20,92,No Grade
S0914,Student_914,11,75,19,81,18,30,79,No Grade
S0915,Student_915,79,AB,51,17,50,3,57,No Grade
S0916,Student_916,56,67,18,88,45,83,87,No Grade
S0917,Student_917,92,30,82,94,77,AB,AB,No Grade
S0918,Student_918,78,20,17,98,AB,10,AB,No Grade
S0919,Student_919,78,AB,62,42,77,17,29,No Grade
S0920,Student_920,29,15,98,93,1,56,4,No Grade
S0921,Student_921,99,29,41,34,11,AB,17,No Grade
S0922,Student_922,78,38,90,28,AB,74,47,No Grade
S0923,Student_923,22,97,2,18,88,65,91,No Grade
S0924,Student_924,91,13,30,71,AB,87,75,No Grade
S0925,Student_925,91,37,84,92,36,73,78,E
S0926,Student_926,72,79,62,5,70,AB,85,No Grade
S0927,Student_927,9,39,31,16,19,9,15,No Grade
S0928,Student_928,98,AB,2,21,52,94,25,No Grade
S0929,Student_929,90,67,13,36,18,4,46,No Grade
S0930,Student_930,68,19,66,78,60,36,23,No Grade
S0931,Student_931,73,100,7,69,AB,98,50,No Grade
S0932,Student_932,58,14,40,89,60,26,81,No Grade
S0933,Student_933,94,38,68,74,5,24,52,No Grade
S0934,Student_934,24,86,37,20,30,11,49,No Grade
S0935,Student_935,60,81,68,AB,51,41,85,No Grade
S0936,Student_936,98,32,95,80,67,AB,1,No Grade
S0937,Student_937,32,16,44,49,76,AB,53,No Grade
S0938,Student_938,66,76,55,58,32,66,58,No Grade
S0939,Student_939,45,20,18,7,24,92,47,No Grade
S0940,Student_940,83,22,43,85,31,95,82,No Grade
S0941,Student_941,44,60,48,11,18,31,33,No Grade
S0942,Student_942,73,51,90,52,AB,58,68,No Grade
S0943,Student_943,60,94,29,34,49,8,0,No Grade
S0944,Student_944,73,88,AB,28,91,57,1,No Grade
S0945,Student_945,67,11,8,95,AB,AB,8,No Grade
S0946,Student_946,54,47,30,2,42,35,7,No Grade
S0947,Student_947,64,15,66,75,97,97,54,No Grade
S0948,Student_948,98,24,68,95,25,96,75,No Grade
S0949,Student_949,27,48,59,94,AB,AB,97,No Grade
S0950,Student_950,79,AB,66,22,27,4,74,No Grade
S0951,Student_951,86,70,78,42,51,3,77,No Grade
S0952,Student_952,24,45,14,21,43,AB,63,No Grade
S0953,Student_953,69,13,AB,72,30,86,AB,No Grade
S0954,Student_954,16,AB,16,93,91,20,34,No Grade
S0955,Student_955,33,6,96,42,28,62,7,No Grade
S0956,Student_956,0,39,33,45,59,73,93,No Grade
S0957,Student_957,20,8,58,26,18,13,73,No Grade
S0958,Student_958,46,68,94,57,44,38,90,B2
S0959,Student_959,15,93,63,69,AB,31,AB,No Grade
S0960,Student_960,74,74,76,27,84,0,0,No Grade
S0961,Student_961,73,51,77,11,22,9,28,No Grade
S0962,Student_962,86,79,90,31,31,81,22,No Grade
S0963,Student_963,24,61,AB,AB,76,12,38,No Grade
S0964,Student_964,69,34,AB,53,9,53,95,No Grade
S0965,Student_965,62,23,8,68,8,29,88,No Grade
S0966,Student_966,AB,65,9,33,37,69,53,No Grade
S0967,Student_967,44,17,21,2,AB,51,2,No Grade
S0968,Student_968,13,1,61,4,0,74,12,No Grade
S0969,Student_969,3,24,36,14,97,88,21,No Grade
S0970,Student_970,17,44,96,34,61,3,88,No Grade
S0971,Student_971,92,35,46,75,4,44,58,No Grade
S0972,Student_972,52,97,54,0,1,10,71,No Grade
S0973,Student_973,88,AB,58,1,55,37,100,No Grade
S0974,Student_974,78,13,80,23,76,64,64,No Grade
S0975,Student_975,77,13,65,17,5,20,15,No Grade
S0976,Student_976,69,83,38,1,AB,68,6,No Grade
S0977,Student_977,1,31,95,AB,0,2,79,No Grade
S0978,Student_978,42,44,96,0,AB,7,25,No Grade
S0979,Student_979,32,84,24,23,42,50,69,No Grade
S0980,Student_980,22,52,24,25,36,43,64,No Grade
S0981,Student_981,95,24,29,97,39,66,79,No Grade
S0982,Student_982,94,94,88,64,21,10,41,No Grade
S0983,Student_983,55,92,39,72,71,10,61,No Grade
S0984,Student_984,84,54,46,95,AB,94,98,No Grade
S0985,Student_985,78,56,50,0,10,93,48,No Grade
S0986,Student_986,29,49,AB,AB,50,14,43,No Grade
S0987,Student_987,23,22,7,94,AB,63,80,No Grade
S0988,Student_988,AB,87,AB,AB,1,77,40,No Grade
S0989,Student_989,AB,29,45,80,77,97,AB,No Grade
S0990,Student_990,92,5,39,43,76,79,AB,No Grade
S0991,Student_991,AB,46,14,95,AB,98,90,No Grade
S0992,Student_992,19,90,46,10,55,6,65,No Grade
S0993,Student_993,67,22,71,AB,40,87,24,No Grade
S0994,Student_994,61,94,AB,88,25,72,96,No Grade
S0995,Student_995,30,32,0,75,8,56,3,No Grade
S0996,Student_996,71,91,AB,64,98,87,56,No Grade
S0997,Student_997,21,52,94,15,90,48,AB,No Grade
S0998,Student_998,89,22,34,24,79,19,34,No Grade
S0999,Student_999,6,100,50,97,26,80,25,No Grade
S1000,Student_1000,21,52,83,AB,32,64,26,No Grade
S1001,Student_1001,95,96,97,94,93,92,96,A1
S1002,Student_1002,95,96,97,94,93,92,96,A1
S1003,Student_1003,95,96,97,94,93,92,96,A1
S1004,Student_1004,95,96,97,94,93,92,96,A1
S1005,Student_1005,95,96,97,94,93,92,96,A1
S1006,Student_1006,95,96,97,94,93,92,96,A1
S1007,Student_1007,95,96,97,94,93,92,96,A1
S1008,Student_1008,95,96,97,94,93,92,96,A1
S1009,Student_1009,95,96,97,94,93,92,96,A1
S1010,Student_1010,95,96,97,94,93,92,96,A1
S1011,Student_1011,95,96,97,94,93,92,96,A1
S1012,Student_1012,95,96,97,94,93,92,96,A1
S1013,Student_1013,95,96,97,94,93,92,96,A1
S1014,Student_1014,95,96,97,94,93,92,96,A1
S1015,Student_1015,95,96,97,94,93,92,96,A1
S1016,Student_1016,95,96,97,94,93,92,96,A1
S1017,Student_1017,95,96,97,94,93,92,96,A1
S1018,Student_1018,95,96,97,94,93,92,96,A1
S1019,Student_1019,95,96,97,94,93,92,96,A1
S1020,Student_1020,95,96,97,94,93,92,96,A1
S1021,Student_1021,85,86,84,83,88,82,86,A2
S1022,Student_1022,85,86,84,83,88,82,86,A2
S1023,Student_1023,85,86,84,83,88,82,86,A2
S1024,Student_1024,85,86,84,83,88,82,86,A2
S1025,Student_1025,85,86,84,83,88,82,86,A2
S1026,Student_1026,85,86,84,83,88,82,86,A2
S1027,Student_1027,85,86,84,83,88,82,86,A2
S1028,Student_1028,85,86,84,83,88,82,86,A2
S1029,Student_1029,85,86,84,83,88,82,86,A2
S1030,Student_1030,85,86,84,83,88,82,86,A2
S1031,Student_1031,85,86,84,83,88,82,86,A2
S1032,Student_1032,85,86,84,83,88,82,86,A2
S1033,Student_1033,85,86,84,83,88,82,86,A2
S1034,Student_1034,85,86,84,83,88,82,86,A2
S1035,Student_1035,85,86,84,83,88,82,86,A2
S1036,Student_1036,85,86,84,83,88,82,86,A2
S1037,Student_1037,85,86,84,83,88,82,86,A2
S1038,Student_1038,85,86,84,83,88,82,86,A2
S1039,Student_1039,85,86,84,83,88,82,86,A2
S1040,Student_1040,85,86,84,83,88,82,86,A2
S1041,Student_1041,75,74,72,73,76,71,74,B1
S1042,Student_1042,75,74,72,73,76,71,74,B1
S1043,Student_1043,75,74,72,73,76,71,74,B1
S1044,Student_1044,75,74,72,73,76,71,74,B1
S1045,Student_1045,75,74,72,73,76,71,74,B1
S1046,Student_1046,75,74,72,73,76,71,74,B1
S1047,Student_1047,75,74,72,73,76,71,74,B1
S1048,Student_1048,75,74,72,73,76,71,74,B1
S1049,Student_1049,75,74,72,73,76,71,74,B1
S1050,Student_1050,75,74,72,73,76,71,74,B1
S1051,Student_1051,75,74,72,73,76,71,74,B1
S1052,Student_1052,75,74,72,73,76,71,74,B1
S1053,Student_1053,75,74,72,73,76,71,74,B1
S1054,Student_1054,75,74,72,73,76,71,74,B1
S1055,Student_1055,65,66,64,63,67,62,66,B2
S1056,Student_1056,65,66,64,63,67,62,66,B2
S1057,Student_1057,65,66,64,63,67,62,66,B2
S1058,Student_1058,65,66,64,63,67,62,66,B2
S1059,Student_1059,65,66,64,63,67,62,66,B2
S1060,Student_1060,65,66,64,63,67,62,66,B2
S1061,Student_1061,65,66,64,63,67,62,66,B2
S1062,Student_1062,65,66,64,63,67,62,66,B2
S1063,Student_1063,65,66,64,63,67,62,66,B2
S1064,Student_1064,65,66,64,63,67,62,66,B2
